query,src_ip
longrandomstring0.evil.com,10.0.0.0
longrandomstring1.evil.com,10.0.0.1
longrandomstring2.evil.com,10.0.0.2
longrandomstring3.evil.com,10.0.0.3
longrandomstring4.evil.com,10.0.0.4
longrandomstring5.evil.com,10.0.0.5
longrandomstring6.evil.com,10.0.0.6
longrandomstring7.evil.com,10.0.0.7
longrandomstring8.evil.com,10.0.0.8
longrandomstring9.evil.com,10.0.0.9
longrandomstring10.evil.com,10.0.0.10
longrandomstring11.evil.com,10.0.0.11
longrandomstring12.evil.com,10.0.0.12
longrandomstring13.evil.com,10.0.0.13
longrandomstring14.evil.com,10.0.0.14
longrandomstring15.evil.com,10.0.0.15
longrandomstring16.evil.com,10.0.0.16
longrandomstring17.evil.com,10.0.0.17
longrandomstring18.evil.com,10.0.0.18
longrandomstring19.evil.com,10.0.0.19
longrandomstring20.evil.com,10.0.0.0
longrandomstring21.evil.com,10.0.0.1
longrandomstring22.evil.com,10.0.0.2
longrandomstring23.evil.com,10.0.0.3
longrandomstring24.evil.com,10.0.0.4
longrandomstring25.evil.com,10.0.0.5
longrandomstring26.evil.com,10.0.0.6
longrandomstring27.evil.com,10.0.0.7
longrandomstring28.evil.com,10.0.0.8
longrandomstring29.evil.com,10.0.0.9
longrandomstring30.evil.com,10.0.0.10
longrandomstring31.evil.com,10.0.0.11
longrandomstring32.evil.com,10.0.0.12
longrandomstring33.evil.com,10.0.0.13
longrandomstring34.evil.com,10.0.0.14
longrandomstring35.evil.com,10.0.0.15
longrandomstring36.evil.com,10.0.0.16
longrandomstring37.evil.com,10.0.0.17
longrandomstring38.evil.com,10.0.0.18
longrandomstring39.evil.com,10.0.0.19
longrandomstring40.evil.com,10.0.0.0
longrandomstring41.evil.com,10.0.0.1
longrandomstring42.evil.com,10.0.0.2
longrandomstring43.evil.com,10.0.0.3
longrandomstring44.evil.com,10.0.0.4
longrandomstring45.evil.com,10.0.0.5
longrandomstring46.evil.com,10.0.0.6
longrandomstring47.evil.com,10.0.0.7
longrandomstring48.evil.com,10.0.0.8
longrandomstring49.evil.com,10.0.0.9
longrandomstring50.evil.com,10.0.0.10
longrandomstring51.evil.com,10.0.0.11
longrandomstring52.evil.com,10.0.0.12
longrandomstring53.evil.com,10.0.0.13
longrandomstring54.evil.com,10.0.0.14
longrandomstring55.evil.com,10.0.0.15
longrandomstring56.evil.com,10.0.0.16
longrandomstring57.evil.com,10.0.0.17
longrandomstring58.evil.com,10.0.0.18
longrandomstring59.evil.com,10.0.0.19
longrandomstring60.evil.com,10.0.0.0
longrandomstring61.evil.com,10.0.0.1
longrandomstring62.evil.com,10.0.0.2
longrandomstring63.evil.com,10.0.0.3
longrandomstring64.evil.com,10.0.0.4
longrandomstring65.evil.com,10.0.0.5
longrandomstring66.evil.com,10.0.0.6
longrandomstring67.evil.com,10.0.0.7
longrandomstring68.evil.com,10.0.0.8
longrandomstring69.evil.com,10.0.0.9
longrandomstring70.evil.com,10.0.0.10
longrandomstring71.evil.com,10.0.0.11
longrandomstring72.evil.com,10.0.0.12
longrandomstring73.evil.com,10.0.0.13
longrandomstring74.evil.com,10.0.0.14
longrandomstring75.evil.com,10.0.0.15
longrandomstring76.evil.com,10.0.0.16
longrandomstring77.evil.com,10.0.0.17
longrandomstring78.evil.com,10.0.0.18
longrandomstring79.evil.com,10.0.0.19
longrandomstring80.evil.com,10.0.0.0
longrandomstring81.evil.com,10.0.0.1
longrandomstring82.evil.com,10.0.0.2
longrandomstring83.evil.com,10.0.0.3
longrandomstring84.evil.com,10.0.0.4
longrandomstring85.evil.com,10.0.0.5
longrandomstring86.evil.com,10.0.0.6
longrandomstring87.evil.com,10.0.0.7
longrandomstring88.evil.com,10.0.0.8
longrandomstring89.evil.com,10.0.0.9
longrandomstring90.evil.com,10.0.0.10
longrandomstring91.evil.com,10.0.0.11
longrandomstring92.evil.com,10.0.0.12
longrandomstring93.evil.com,10.0.0.13
longrandomstring94.evil.com,10.0.0.14
longrandomstring95.evil.com,10.0.0.15
longrandomstring96.evil.com,10.0.0.16
longrandomstring97.evil.com,10.0.0.17
longrandomstring98.evil.com,10.0.0.18
longrandomstring99.evil.com,10.0.0.19
