host,event
PC0,Mass File Rename
PC1,Mass File Rename
PC2,Mass File Rename
PC3,Mass File Rename
PC4,Mass File Rename
PC5,Mass File Rename
PC6,Mass File Rename
PC7,Mass File Rename
PC8,Mass File Rename
PC9,Mass File Rename
PC10,Mass File Rename
PC11,Mass File Rename
PC12,Mass File Rename
PC13,Mass File Rename
PC14,Mass File Rename
PC15,Mass File Rename
PC16,Mass File Rename
PC17,Mass File Rename
PC18,Mass File Rename
PC19,Mass File Rename
PC20,Mass File Rename
PC21,Mass File Rename
PC22,Mass File Rename
PC23,Mass File Rename
PC24,Mass File Rename
PC25,Mass File Rename
PC26,Mass File Rename
PC27,Mass File Rename
PC28,Mass File Rename
PC29,Mass File Rename
PC30,Mass File Rename
PC31,Mass File Rename
PC32,Mass File Rename
PC33,Mass File Rename
PC34,Mass File Rename
PC35,Mass File Rename
PC36,Mass File Rename
PC37,Mass File Rename
PC38,Mass File Rename
PC39,Mass File Rename
PC40,Mass File Rename
PC41,Mass File Rename
PC42,Mass File Rename
PC43,Mass File Rename
PC44,Mass File Rename
PC45,Mass File Rename
PC46,Mass File Rename
PC47,Mass File Rename
PC48,Mass File Rename
PC49,Mass File Rename
PC50,Mass File Rename
PC51,Mass File Rename
PC52,Mass File Rename
PC53,Mass File Rename
PC54,Mass File Rename
PC55,Mass File Rename
PC56,Mass File Rename
PC57,Mass File Rename
PC58,Mass File Rename
PC59,Mass File Rename
PC60,Mass File Rename
PC61,Mass File Rename
PC62,Mass File Rename
PC63,Mass File Rename
PC64,Mass File Rename
PC65,Mass File Rename
PC66,Mass File Rename
PC67,Mass File Rename
PC68,Mass File Rename
PC69,Mass File Rename
PC70,Mass File Rename
PC71,Mass File Rename
PC72,Mass File Rename
PC73,Mass File Rename
PC74,Mass File Rename
PC75,Mass File Rename
PC76,Mass File Rename
PC77,Mass File Rename
PC78,Mass File Rename
PC79,Mass File Rename
PC80,Mass File Rename
PC81,Mass File Rename
PC82,Mass File Rename
PC83,Mass File Rename
PC84,Mass File Rename
PC85,Mass File Rename
PC86,Mass File Rename
PC87,Mass File Rename
PC88,Mass File Rename
PC89,Mass File Rename
PC90,Mass File Rename
PC91,Mass File Rename
PC92,Mass File Rename
PC93,Mass File Rename
PC94,Mass File Rename
PC95,Mass File Rename
PC96,Mass File Rename
PC97,Mass File Rename
PC98,Mass File Rename
PC99,Mass File Rename
